{"cameraMode":{"drawMode":0,"name":"Shaded","section":"Shading Mode"},"sceneLighting":false,"audioPlay":false,"sceneViewState":{"m_AlwaysRefresh":false,"showFog":true,"showSkybox":false,"showFlares":true,"showImageEffects":true,"showParticleSystems":true,"showVisualEffectGraphs":true,"m_FxEnabled":true},"in2DMode":false,"pivot":{"x":-0.7551184892654419,"y":1.558324933052063,"z":-27.63163185119629},"rotation":{"x":0.009886224754154683,"y":-0.3367655575275421,"z":0.0035361621994525196,"w":0.9415290355682373},"size":8.526437759399414,"orthographic":false}