{"cameraMode":{"drawMode":0,"name":"Shaded","section":"Shading Mode"},"sceneLighting":false,"audioPlay":false,"sceneViewState":{"m_AlwaysRefresh":false,"showFog":true,"showSkybox":false,"showFlares":true,"showImageEffects":true,"showParticleSystems":true,"showVisualEffectGraphs":true,"m_FxEnabled":true},"in2DMode":false,"pivot":{"x":-1.8316543102264405,"y":1.5343854427337647,"z":-246.9937286376953},"rotation":{"x":0.11819710582494736,"y":0.020851485431194307,"z":-0.0024826740846037866,"w":0.9927709102630615},"size":2.4094290733337404,"orthographic":false}